order,grid_x,grid_y,x_km,y_km,segment_dist_km,cum_dist_km,eta_hour_from_start
1,46,45,-0.4966944770582433,-0.6671404620209493,0.46430641563522324,0.46430641563522324,0.04178423466839662
2,45,44,-0.7675328324416135,-1.0442704566557701,0.46430641563522324,0.9286128312704465,0.08356846933679324
3,44,43,-1.0383711878249837,-1.421400451290591,0.46430641563522324,1.3929192469056697,0.12535270400518986
4,43,42,-1.309209543208354,-1.7985304459254152,0.4643064156352261,1.8572256625408958,0.16713693867358673
5,42,41,-1.5800478985917223,-2.175660440560236,0.46430641563522224,2.321532078176118,0.20892117334198326
6,41,40,-1.8508862539750925,-2.5527904351950568,0.46430641563522324,2.785838493811341,0.2507054080103799
7,40,39,-2.1217246093584627,-2.9299204298298793,0.4643064156352247,3.2501449094465658,0.29248964267877664
8,39,38,-2.392562964741833,-3.3070504244647,0.46430641563522324,3.714451325081789,0.3342738773471733
9,38,37,-2.663401320125203,-3.6841804190995227,0.4643064156352247,4.178757740717014,0.37605811201557005
10,37,36,-2.9342396755085733,-4.061310413734343,0.46430641563522324,4.643064156352237,0.4178423466839667
11,36,35,-3.2050780308919435,-4.438440408369164,0.46430641563522324,5.10737057198746,0.45962658135236334
12,35,34,-3.4759163862753137,-4.815570403003987,0.4643064156352247,5.571676987622684,0.5014108160207601
13,34,33,-3.746754741658684,-5.1927003976388075,0.46430641563522324,6.035983403257907,0.5431950506891567
14,33,33,-4.017593097042054,-5.1927003976388075,0.2708383553833702,6.306821758641277,0.5675685527934917
15,32,33,-4.288431452425424,-5.1927003976388075,0.2708383553833702,6.577660114024647,0.5919420548978267
16,31,33,-4.559269807808793,-5.1927003976388075,0.2708383553833684,6.848498469408016,0.6163155570021615
17,30,33,-4.830108163192163,-5.1927003976388075,0.2708383553833702,7.119336824791386,0.6406890591064964
18,29,32,-5.100946518575534,-5.56983039227363,0.4643064156352252,7.583643240426611,0.6824732937748932
19,28,32,-5.371784873958903,-5.56983039227363,0.2708383553833693,7.854481595809981,0.706846795879228
20,27,32,-5.642623229342274,-5.56983039227363,0.2708383553833702,8.125319951193351,0.731220297983563
21,26,32,-5.913461584725644,-5.56983039227363,0.2708383553833702,8.396158306576721,0.755593800087898
22,25,32,-6.184299940109014,-5.56983039227363,0.2708383553833702,8.666996661960091,0.779967302192233
23,24,31,-6.455138295492384,-5.946960386908451,0.46430641563522324,9.131303077595314,0.8217515368606296
24,23,31,-6.7259766508757535,-5.946960386908451,0.2708383553833693,9.402141432978684,0.8461250389649645
25,22,30,-6.996815006259124,-6.324090381543273,0.4643064156352247,9.866447848613909,0.8879092736333613
26,21,30,-7.267653361642494,-6.324090381543273,0.2708383553833702,10.137286203997279,0.9122827757376962
27,20,31,-7.538491717025864,-5.946960386908451,0.4643064156352247,10.601592619632504,0.954067010406093
28,20,32,-7.538491717025864,-5.56983039227363,0.3771299946348208,10.978722614267324,0.988005994804475
29,20,33,-7.538491717025864,-5.1927003976388075,0.37712999463482255,11.355852608902147,1.0219449792028572
30,21,33,-7.267653361642494,-5.1927003976388075,0.2708383553833702,11.626690964285517,1.0463184813071922
31,21,32,-7.267653361642494,-5.56983039227363,0.37712999463482255,12.00382095892034,1.0802574657055743
32,22,33,-6.996815006259124,-5.1927003976388075,0.4643064156352247,12.468127374555564,1.122041700373971
33,23,33,-6.7259766508757535,-5.1927003976388075,0.2708383553833702,12.738965729938935,1.146415202478306
34,22,32,-6.996815006259124,-5.56983039227363,0.4643064156352247,13.203272145574159,1.1881994371467028
35,22,31,-6.996815006259124,-5.946960386908451,0.3771299946348208,13.58040214020898,1.2221384215450848
36,23,30,-6.7259766508757535,-6.324090381543273,0.4643064156352247,14.044708555844204,1.2639226562134815
37,24,30,-6.455138295492384,-6.324090381543273,0.2708383553833693,14.315546911227575,1.2882961583178165
38,24,31,-6.455138295492384,-5.946960386908451,0.37712999463482255,14.692676905862397,1.3222351427161987
39,24,32,-6.455138295492384,-5.56983039227363,0.3771299946348208,15.069806900497218,1.3561741271145806
40,24,33,-6.455138295492384,-5.1927003976388075,0.37712999463482255,15.44693689513204,1.3901131115129628
41,23,34,-6.7259766508757535,-4.815570403003987,0.46430641563522274,15.911243310767263,1.4318973461813593
42,22,34,-6.996815006259124,-4.815570403003987,0.2708383553833702,16.182081666150633,1.4562708482856943
43,21,35,-7.267653361642494,-4.438440408369164,0.4643064156352247,16.646388081785858,1.498055082954091
44,20,34,-7.538491717025864,-4.815570403003987,0.4643064156352247,17.110694497421083,1.5398393176224878
45,19,34,-7.809330072409234,-4.815570403003987,0.2708383553833702,17.381532852804455,1.5642128197268228
46,19,33,-7.809330072409234,-5.1927003976388075,0.3771299946348208,17.758662847439275,1.5981518041252047
47,19,32,-7.809330072409234,-5.56983039227363,0.37712999463482255,18.135792842074096,1.632090788523587
48,19,31,-7.809330072409234,-5.946960386908451,0.3771299946348208,18.512922836708917,1.6660297729219689
49,19,30,-7.809330072409234,-6.324090381543273,0.37712999463482255,18.890052831343738,1.699968757320351
50,19,29,-7.809330072409234,-6.701220376178094,0.3771299946348208,19.26718282597856,1.733907741718733
51,20,29,-7.538491717025864,-6.701220376178094,0.2708383553833702,19.538021181361927,1.758281243823068
52,21,29,-7.267653361642494,-6.701220376178094,0.2708383553833702,19.808859536745295,1.782654745927403
53,22,29,-6.996815006259124,-6.701220376178094,0.2708383553833702,20.079697892128664,1.807028248031738
54,23,29,-6.7259766508757535,-6.701220376178094,0.2708383553833702,20.350536247512032,1.8314017501360729
55,24,29,-6.455138295492384,-6.701220376178094,0.2708383553833693,20.6213746028954,1.8557752522404078
56,25,29,-6.184299940109014,-6.701220376178094,0.2708383553833702,20.89221295827877,1.8801487543447428
57,25,30,-6.184299940109014,-6.324090381543273,0.3771299946348208,21.26934295291359,1.9140877387431248
58,25,31,-6.184299940109014,-5.946960386908451,0.37712999463482255,21.64647294754841,1.948026723141507
59,24,32,-6.455138295492384,-5.56983039227363,0.46430641563522324,22.110779363183635,1.9898109578099035
60,24,33,-6.455138295492384,-5.1927003976388075,0.37712999463482255,22.48790935781846,2.0237499422082856
61,24,34,-6.455138295492384,-4.815570403003987,0.3771299946348208,22.86503935245328,2.0576889266066676
62,23,35,-6.7259766508757535,-4.438440408369164,0.4643064156352242,23.329345768088505,2.099473161275064
63,22,35,-6.996815006259124,-4.438440408369164,0.2708383553833702,23.600184123471877,2.123846663379399
64,21,34,-7.267653361642494,-4.815570403003987,0.4643064156352247,24.0644905391071,2.1656308980477954
65,20,35,-7.538491717025864,-4.438440408369164,0.4643064156352247,24.528796954742326,2.207415132716192
66,19,34,-7.809330072409234,-4.815570403003987,0.4643064156352247,24.99310337037755,2.2491993673845885
67,20,33,-7.538491717025864,-5.1927003976388075,0.46430641563522324,25.457409786012775,2.290983602052985
68,20,32,-7.538491717025864,-5.56983039227363,0.37712999463482255,25.834539780647596,2.324922586451367
69,20,31,-7.538491717025864,-5.946960386908451,0.3771299946348208,26.211669775282417,2.358861570849749
70,20,30,-7.538491717025864,-6.324090381543273,0.37712999463482255,26.588799769917237,2.392800555248131
71,21,31,-7.267653361642494,-5.946960386908451,0.4643064156352247,27.053106185552462,2.4345847899165274
72,22,32,-6.996815006259124,-5.56983039227363,0.46430641563522324,27.517412601187687,2.476369024584924
73,23,33,-6.7259766508757535,-5.1927003976388075,0.4643064156352247,27.98171901682291,2.5181532592533205
74,24,34,-6.455138295492384,-4.815570403003987,0.46430641563522274,28.446025432458132,2.559937493921717
75,25,34,-6.184299940109014,-4.815570403003987,0.2708383553833702,28.716863787841504,2.5843109960260517
76,26,35,-5.913461584725644,-4.438440408369164,0.4643064156352247,29.18117020347673,2.6260952306944483
77,27,36,-5.642623229342274,-4.061310413734343,0.46430641563522324,29.645476619111953,2.667879465362845
78,28,37,-5.371784873958903,-3.6841804190995227,0.46430641563522324,30.109783034747178,2.7096637000312414
79,28,38,-5.371784873958903,-3.3070504244647,0.37712999463482255,30.486913029382002,2.7436026844296233
80,28,39,-5.371784873958903,-2.9299204298298793,0.3771299946348208,30.864043024016823,2.7775416688280052
81,28,40,-5.371784873958903,-2.5527904351950568,0.37712999463482255,31.241173018651644,2.811480653226387
82,28,41,-5.371784873958903,-2.175660440560236,0.3771299946348208,31.618303013286464,2.845419637624769
83,28,42,-5.371784873958903,-1.7985304459254152,0.3771299946348208,31.995433007921285,2.879358622023151
84,29,42,-5.100946518575534,-1.7985304459254152,0.2708383553833693,32.266271363304654,2.903732124127486
85,30,42,-4.830108163192163,-1.7985304459254152,0.2708383553833711,32.53710971868802,2.928105626231821
86,30,43,-4.830108163192163,-1.421400451290591,0.37712999463482433,32.91423971332284,2.9620446106302034
87,31,43,-4.559269807808793,-1.421400451290591,0.2708383553833702,33.18507806870621,2.986418112734538
88,31,44,-4.559269807808793,-1.0442704566557701,0.3771299946348208,33.56220806334103,3.02035709713292
89,31,45,-4.559269807808793,-0.6671404620209493,0.3771299946348208,33.93933805797585,3.054296081531302
90,32,45,-4.288431452425424,-0.6671404620209493,0.2708383553833684,34.21017641335922,3.078669583635637
91,32,44,-4.288431452425424,-1.0442704566557701,0.3771299946348208,34.58730640799404,3.1126085680340188
92,32,43,-4.288431452425424,-1.421400451290591,0.3771299946348208,34.96443640262886,3.1465475524324007
93,32,42,-4.288431452425424,-1.7985304459254152,0.37712999463482433,35.34156639726369,3.180486536830783
94,31,42,-4.559269807808793,-1.7985304459254152,0.2708383553833684,35.61240475264706,3.204860038935118
95,30,43,-4.830108163192163,-1.421400451290591,0.4643064156352261,36.07671116828229,3.246644273603515
96,29,44,-5.100946518575534,-1.0442704566557701,0.4643064156352238,36.54101758391751,3.2884285082719114
97,30,44,-4.830108163192163,-1.0442704566557701,0.2708383553833711,36.81185593930088,3.3128020103762466
98,29,45,-5.100946518575534,-0.6671404620209493,0.4643064156352238,37.2761623549361,3.354586245044643
99,30,45,-4.830108163192163,-0.6671404620209493,0.2708383553833711,37.547000710319466,3.3789597471489783
100,29,44,-5.100946518575534,-1.0442704566557701,0.4643064156352238,38.01130712595469,3.420743981817375
101,28,43,-5.371784873958903,-1.421400451290591,0.46430641563522274,38.47561354158991,3.4625282164857714
102,28,44,-5.371784873958903,-1.0442704566557701,0.3771299946348208,38.85274353622473,3.4964672008841533
103,29,45,-5.100946518575534,-0.6671404620209493,0.46430641563522274,39.31704995185995,3.53825143555255
104,30,46,-4.830108163192163,-0.29001046738612857,0.4643064156352238,39.78135636749517,3.5800356702209464
105,31,46,-4.559269807808793,-0.29001046738612857,0.2708383553833702,40.05219472287854,3.604409172325281
106,32,46,-4.288431452425424,-0.29001046738612857,0.2708383553833684,40.32303307826191,3.628782674429616
107,33,45,-4.017593097042054,-0.6671404620209493,0.46430641563522324,40.78733949389713,3.6705669090980124
108,33,44,-4.017593097042054,-1.0442704566557701,0.3771299946348208,41.16446948853195,3.7045058934963944
109,33,43,-4.017593097042054,-1.421400451290591,0.3771299946348208,41.54159948316677,3.7384448778947763
110,33,42,-4.017593097042054,-1.7985304459254152,0.37712999463482433,41.91872947780159,3.7723838622931587
111,33,41,-4.017593097042054,-2.175660440560236,0.3771299946348208,42.29585947243641,3.8063228466915406
112,33,40,-4.017593097042054,-2.5527904351950568,0.3771299946348208,42.67298946707123,3.8402618310899226
113,32,40,-4.288431452425424,-2.5527904351950568,0.2708383553833702,42.9438278224546,3.8646353331942573
114,31,41,-4.559269807808793,-2.175660440560236,0.46430641563522224,43.40813423808982,3.906419567862654
115,30,40,-4.830108163192163,-2.5527904351950568,0.46430641563522324,43.87244065372504,3.9482038025310504
116,29,41,-5.100946518575534,-2.175660440560236,0.4643064156352238,44.336747069360264,3.989988037199447
117,29,42,-5.100946518575534,-1.7985304459254152,0.3771299946348208,44.713877063995085,4.023927021597829
118,29,43,-5.100946518575534,-1.421400451290591,0.37712999463482433,45.09100705862991,4.057866005996211
119,28,44,-5.371784873958903,-1.0442704566557701,0.46430641563522274,45.555313474265134,4.099650240664608
120,28,45,-5.371784873958903,-0.6671404620209493,0.3771299946348208,45.932443468899955,4.13358922506299
121,28,46,-5.371784873958903,-0.29001046738612857,0.3771299946348208,46.309573463534775,4.167528209461373
122,29,45,-5.100946518575534,-0.6671404620209493,0.46430641563522274,46.773879879169996,4.209312444129769
123,30,44,-4.830108163192163,-1.0442704566557701,0.4643064156352238,47.23818629480522,4.251096678798166
124,31,43,-4.559269807808793,-1.421400451290591,0.46430641563522324,47.70249271044044,4.292880913466562
125,32,42,-4.288431452425424,-1.7985304459254152,0.46430641563522507,48.16679912607567,4.334665148134959
126,33,41,-4.017593097042054,-2.175660440560236,0.46430641563522324,48.63110554171089,4.376449382803355
127,34,41,-3.746754741658684,-2.175660440560236,0.2708383553833702,48.901943897094256,4.40082288490769
128,34,40,-3.746754741658684,-2.5527904351950568,0.3771299946348208,49.27907389172908,4.434761869306072
129,33,39,-4.017593097042054,-2.9299204298298793,0.4643064156352247,49.743380307364305,4.476546103974469
130,32,38,-4.288431452425424,-3.3070504244647,0.46430641563522324,50.207686722999526,4.5183303386428655
131,31,37,-4.559269807808793,-3.6841804190995227,0.4643064156352236,50.67199313863475,4.560114573311262
132,30,36,-4.830108163192163,-4.061310413734343,0.46430641563522324,51.13629955426997,4.601898807979659
133,29,35,-5.100946518575534,-4.438440408369164,0.4643064156352238,51.60060596990519,4.643683042648055
134,28,34,-5.371784873958903,-4.815570403003987,0.4643064156352242,52.06491238554041,4.685467277316452
135,27,33,-5.642623229342274,-5.1927003976388075,0.46430641563522324,52.52921880117563,4.727251511984848
136,26,32,-5.913461584725644,-5.56983039227363,0.4643064156352247,52.99352521681086,4.769035746653245
137,25,31,-6.184299940109014,-5.946960386908451,0.46430641563522324,53.45783163244608,4.810819981321641
138,24,31,-6.455138295492384,-5.946960386908451,0.2708383553833702,53.72866998782945,4.835193483425976
139,23,30,-6.7259766508757535,-6.324090381543273,0.4643064156352242,54.19297640346467,4.8769777180943725
140,22,30,-6.996815006259124,-6.324090381543273,0.2708383553833702,54.46381475884804,4.901351220198707
141,21,30,-7.267653361642494,-6.324090381543273,0.2708383553833702,54.734653114231406,4.925724722303042
142,20,30,-7.538491717025864,-6.324090381543273,0.2708383553833702,55.005491469614775,4.950098224407377
143,19,30,-7.809330072409234,-6.324090381543273,0.2708383553833702,55.27632982499814,4.9744717265117115
144,18,30,-8.080168427792604,-6.324090381543273,0.2708383553833693,55.54716818038151,4.998845228616046
145,17,30,-8.351006783175974,-6.324090381543273,0.2708383553833702,55.81800653576488,5.023218730720381
146,16,30,-8.621845138559344,-6.324090381543273,0.2708383553833702,56.08884489114825,5.047592232824716
147,15,30,-8.892683493942714,-6.324090381543273,0.2708383553833702,56.35968324653162,5.071965734929051
148,14,29,-9.163521849326084,-6.701220376178094,0.46430641563522324,56.82398966216684,5.113749969597447
149,13,29,-9.434360204709455,-6.701220376178094,0.2708383553833702,57.094828017550206,5.138123471701782
150,12,29,-9.705198560092825,-6.701220376178094,0.2708383553833702,57.365666372933575,5.162496973806117
151,11,29,-9.976036915476193,-6.701220376178094,0.2708383553833684,57.63650472831694,5.186870475910451
152,10,29,-10.246875270859565,-6.701220376178094,0.270838355383372,57.90734308370031,5.211243978014786
153,9,28,-10.517713626242934,-7.078350370812917,0.4643064156352236,58.37164949933553,5.253028212683183
154,8,27,-10.788551981626304,-7.4554803654477375,0.46430641563522324,58.835955914970754,5.294812447351579
155,7,27,-11.059390337009674,-7.4554803654477375,0.2708383553833702,59.10679427035412,5.319185949455914
156,6,27,-11.330228692393044,-7.4554803654477375,0.2708383553833702,59.37763262573749,5.343559451560249
157,5,28,-11.601067047776414,-7.078350370812917,0.46430641563522324,59.84193904137271,5.385343686228645
158,5,29,-11.601067047776414,-6.701220376178094,0.37712999463482255,60.21906903600753,5.419282670627028
159,6,28,-11.330228692393044,-7.078350370812917,0.4643064156352247,60.68337545164276,5.461066905295424
160,7,29,-11.059390337009674,-6.701220376178094,0.4643064156352247,61.14768186727799,5.502851139963821
161,8,29,-10.788551981626304,-6.701220376178094,0.2708383553833702,61.41852022266136,5.5272246420681554
162,8,30,-10.788551981626304,-6.324090381543273,0.3771299946348208,61.79565021729618,5.561163626466538
163,7,30,-11.059390337009674,-6.324090381543273,0.2708383553833702,62.066488572679546,5.585537128570873
164,6,31,-11.330228692393044,-5.946960386908451,0.4643064156352247,62.530794988314774,5.627321363239269
165,6,32,-11.330228692393044,-5.56983039227363,0.3771299946348208,62.907924982949595,5.6612603476376515
166,5,31,-11.601067047776414,-5.946960386908451,0.46430641563522324,63.372231398584816,5.703044582306048
167,4,30,-11.871905403159785,-6.324090381543273,0.4643064156352247,63.836537814220044,5.744828816974445
168,4,29,-11.871905403159785,-6.701220376178094,0.3771299946348208,64.21366780885486,5.778767801372827
169,4,28,-11.871905403159785,-7.078350370812917,0.37712999463482255,64.59079780348969,5.812706785771209
170,4,27,-11.871905403159785,-7.4554803654477375,0.3771299946348208,64.96792779812452,5.846645770169592
171,5,26,-11.601067047776414,-7.832610360082558,0.46430641563522324,65.43223421375974,5.888430004837988
172,6,26,-11.330228692393044,-7.832610360082558,0.2708383553833702,65.70307256914312,5.912803506942323
173,7,26,-11.059390337009674,-7.832610360082558,0.2708383553833702,65.97391092452649,5.937177009046658
174,8,26,-10.788551981626304,-7.832610360082558,0.2708383553833702,66.24474927990987,5.9615505111509925
175,9,27,-10.517713626242934,-7.4554803654477375,0.46430641563522324,66.70905569554509,6.003334745819389
176,10,28,-10.246875270859565,-7.078350370812917,0.46430641563522224,67.17336211118031,6.045118980487786
177,9,29,-10.517713626242934,-6.701220376178094,0.4643064156352236,67.63766852681553,6.086903215156182
178,8,30,-10.788551981626304,-6.324090381543273,0.46430641563522324,68.10197494245075,6.128687449824579
179,7,31,-11.059390337009674,-5.946960386908451,0.4643064156352247,68.56628135808597,6.170471684492975
180,6,32,-11.330228692393044,-5.56983039227363,0.46430641563522324,69.0305877737212,6.212255919161372
181,5,32,-11.601067047776414,-5.56983039227363,0.2708383553833702,69.30142612910457,6.2366294212657065
182,4,32,-11.871905403159785,-5.56983039227363,0.2708383553833702,69.57226448448795,6.261002923370041
183,4,31,-11.871905403159785,-5.946960386908451,0.3771299946348208,69.94939447912276,6.294941907768424
184,5,32,-11.601067047776414,-5.56983039227363,0.46430641563522324,70.41370089475798,6.33672614243682
185,6,32,-11.330228692393044,-5.56983039227363,0.2708383553833702,70.68453925014136,6.361099644541155
186,7,32,-11.059390337009674,-5.56983039227363,0.2708383553833702,70.95537760552473,6.38547314664549
187,8,31,-10.788551981626304,-5.946960386908451,0.46430641563522324,71.41968402115995,6.427257381313886
188,9,30,-10.517713626242934,-6.324090381543273,0.4643064156352247,71.88399043679517,6.469041615982283
189,10,29,-10.246875270859565,-6.701220376178094,0.46430641563522224,72.3482968524304,6.510825850650679
190,10,28,-10.246875270859565,-7.078350370812917,0.37712999463482255,72.72542684706522,6.544764835049062
191,10,27,-10.246875270859565,-7.4554803654477375,0.3771299946348208,73.10255684170005,6.578703819447444
192,10,26,-10.246875270859565,-7.832610360082558,0.3771299946348208,73.47968683633488,6.6126428038458265
193,9,27,-10.517713626242934,-7.4554803654477375,0.46430641563522224,73.9439932519701,6.654427038514223
194,8,28,-10.788551981626304,-7.078350370812917,0.46430641563522324,74.40829966760532,6.6962112731826195
195,7,27,-11.059390337009674,-7.4554803654477375,0.46430641563522324,74.87260608324054,6.737995507851016
196,6,27,-11.330228692393044,-7.4554803654477375,0.2708383553833702,75.14344443862392,6.762369009955351
197,5,27,-11.601067047776414,-7.4554803654477375,0.2708383553833702,75.41428279400729,6.786742512059686
198,4,26,-11.871905403159785,-7.832610360082558,0.46430641563522324,75.87858920964251,6.828526746728082
199,3,25,-12.142743758543155,-8.20974035471738,0.4643064156352247,76.34289562527773,6.870310981396479
200,3,24,-12.142743758543155,-8.586870349352202,0.3771299946348208,76.72002561991255,6.904249965794861
201,3,23,-12.142743758543155,-8.964000343987024,0.37712999463482255,77.09715561454738,6.938188950193243
202,3,22,-12.142743758543155,-9.341130338621845,0.3771299946348208,77.4742856091822,6.972127934591626
203,3,21,-12.142743758543155,-9.718260333256667,0.37712999463482255,77.85141560381703,7.006066918990008
204,3,20,-12.142743758543155,-10.095390327891488,0.3771299946348208,78.22854559845186,7.040005903388391
205,4,19,-11.871905403159785,-10.47252032252631,0.4643064156352247,78.69285201408708,7.081790138056787
206,4,18,-11.871905403159785,-10.849650317161132,0.3771299946348208,79.0699820087219,7.1157291224551695
207,4,17,-11.871905403159785,-11.226780311795952,0.3771299946348208,79.44711200335672,7.149668106853552
208,4,16,-11.871905403159785,-11.603910306430775,0.37712999463482255,79.82424199799155,7.183607091251934
209,4,15,-11.871905403159785,-11.981040301065596,0.3771299946348208,80.20137199262638,7.217546075650317
210,4,14,-11.871905403159785,-12.358170295700418,0.37712999463482255,80.5785019872612,7.251485060048699
211,4,13,-11.871905403159785,-12.735300290335239,0.3771299946348208,80.95563198189603,7.2854240444470815
212,4,12,-11.871905403159785,-13.11243028497006,0.3771299946348208,81.33276197653086,7.319363028845464
213,5,11,-11.601067047776414,-13.489560279604882,0.4643064156352247,81.79706839216608,7.36114726351386
214,5,10,-11.601067047776414,-13.866690274239705,0.37712999463482255,82.17419838680091,7.395086247912243
215,5,9,-11.601067047776414,-14.243820268874526,0.3771299946348208,82.55132838143572,7.429025232310625
216,5,8,-11.601067047776414,-14.620950263509346,0.3771299946348208,82.92845837607055,7.462964216709008
217,5,7,-11.601067047776414,-14.998080258144169,0.37712999463482255,83.30558837070538,7.49690320110739
218,5,6,-11.601067047776414,-15.37521025277899,0.3771299946348208,83.68271836534021,7.530842185505772
219,5,5,-11.601067047776414,-15.752340247413812,0.37712999463482255,84.05984835997504,7.564781169904155
220,5,4,-11.601067047776414,-16.129470242048633,0.3771299946348208,84.43697835460986,7.598720154302537
221,6,4,-11.330228692393044,-16.129470242048633,0.2708383553833702,84.70781670999324,7.623093656406872
222,7,4,-11.059390337009674,-16.129470242048633,0.2708383553833702,84.97865506537661,7.647467158511207
223,7,5,-11.059390337009674,-15.752340247413812,0.3771299946348208,85.35578506001144,7.681406142909589
224,7,6,-11.059390337009674,-15.37521025277899,0.37712999463482255,85.73291505464627,7.715345127307971
225,7,7,-11.059390337009674,-14.998080258144169,0.3771299946348208,86.1100450492811,7.749284111706354
226,6,7,-11.330228692393044,-14.998080258144169,0.2708383553833702,86.38088340466447,7.7736576138106885
227,6,6,-11.330228692393044,-15.37521025277899,0.3771299946348208,86.7580133992993,7.807596598209071
228,6,5,-11.330228692393044,-15.752340247413812,0.37712999463482255,87.13514339393413,7.841535582607453
229,5,5,-11.601067047776414,-15.752340247413812,0.2708383553833702,87.4059817493175,7.865909084711788
230,4,5,-11.871905403159785,-15.752340247413812,0.2708383553833702,87.67682010470088,7.890282586816123
231,3,6,-12.142743758543155,-15.37521025277899,0.4643064156352247,88.1411265203361,7.932066821484519
232,3,7,-12.142743758543155,-14.998080258144169,0.3771299946348208,88.51825651497091,7.966005805882902
233,4,7,-11.871905403159785,-14.998080258144169,0.2708383553833702,88.78909487035429,7.9903793079872365
234,4,6,-11.871905403159785,-15.37521025277899,0.3771299946348208,89.16622486498912,8.024318292385619
235,4,5,-11.871905403159785,-15.752340247413812,0.37712999463482255,89.54335485962395,8.058257276784001
236,4,4,-11.871905403159785,-16.129470242048633,0.3771299946348208,89.92048485425877,8.092196261182384
237,5,3,-11.601067047776414,-16.506600236683454,0.46430641563522324,90.384791269894,8.13398049585078
238,6,3,-11.330228692393044,-16.506600236683454,0.2708383553833702,90.65562962527737,8.158353997955116
239,6,2,-11.330228692393044,-16.883730231318275,0.3771299946348208,91.03275961991218,8.192292982353498
240,7,2,-11.059390337009674,-16.883730231318275,0.2708383553833702,91.30359797529556,8.216666484457834
241,7,3,-11.059390337009674,-16.506600236683454,0.3771299946348208,91.68072796993039,8.250605468856216
242,8,3,-10.788551981626304,-16.506600236683454,0.2708383553833702,91.95156632531376,8.274978970960552
243,8,4,-10.788551981626304,-16.129470242048633,0.3771299946348208,92.32869631994859,8.308917955358934
244,8,5,-10.788551981626304,-15.752340247413812,0.3771299946348208,92.70582631458342,8.342856939757317
245,8,6,-10.788551981626304,-15.37521025277899,0.37712999463482255,93.08295630921825,8.376795924155699
246,8,7,-10.788551981626304,-14.998080258144169,0.3771299946348208,93.46008630385307,8.410734908554081
247,7,8,-11.059390337009674,-14.620950263509346,0.4643064156352247,93.9243927194883,8.452519143222478
248,6,8,-11.330228692393044,-14.620950263509346,0.2708383553833702,94.19523107487167,8.476892645326814
249,5,8,-11.601067047776414,-14.620950263509346,0.2708383553833702,94.46606943025505,8.50126614743115
250,4,8,-11.871905403159785,-14.620950263509346,0.2708383553833702,94.73690778563842,8.525639649535485
251,3,8,-12.142743758543155,-14.620950263509346,0.2708383553833702,95.0077461410218,8.55001315163982
252,2,8,-12.413582113926525,-14.620950263509346,0.2708383553833702,95.27858449640517,8.574386653744156
253,2,7,-12.413582113926525,-14.998080258144169,0.37712999463482255,95.65571449104,8.608325638142539
254,2,6,-12.413582113926525,-15.37521025277899,0.3771299946348208,96.03284448567481,8.642264622540921
255,3,5,-12.142743758543155,-15.752340247413812,0.4643064156352247,96.49715090131004,8.684048857209318
256,4,4,-11.871905403159785,-16.129470242048633,0.46430641563522324,96.96145731694526,8.725833091877714
257,5,3,-11.601067047776414,-16.506600236683454,0.46430641563522324,97.42576373258048,8.76761732654611
258,6,2,-11.330228692393044,-16.883730231318275,0.46430641563522324,97.8900701482157,8.809401561214507
259,7,2,-11.059390337009674,-16.883730231318275,0.2708383553833702,98.16090850359907,8.833775063318843
260,8,2,-10.788551981626304,-16.883730231318275,0.2708383553833702,98.43174685898245,8.858148565423178
261,7,1,-11.059390337009674,-17.2608602259531,0.4643064156352261,98.89605327461767,8.899932800091575
262,6,1,-11.330228692393044,-17.2608602259531,0.2708383553833702,99.16689163000105,8.92430630219591
263,5,1,-11.601067047776414,-17.2608602259531,0.2708383553833702,99.43772998538442,8.948679804300246
264,4,0,-11.871905403159785,-17.63799022058792,0.46430641563522324,99.90203640101964,8.990464038968643
265,3,1,-12.142743758543155,-17.2608602259531,0.46430641563522324,100.36634281665486,9.03224827363704
266,3,2,-12.142743758543155,-16.883730231318275,0.37712999463482433,100.74347281128969,9.066187258035422
267,3,3,-12.142743758543155,-16.506600236683454,0.3771299946348208,101.1206028059245,9.100126242433804
268,2,4,-12.413582113926525,-16.129470242048633,0.46430641563522324,101.58490922155973,9.1419104771022
269,1,3,-12.684420469309895,-16.506600236683454,0.46430641563522324,102.04921563719495,9.183694711770597
270,1,2,-12.684420469309895,-16.883730231318275,0.3771299946348208,102.42634563182978,9.21763369616898
271,1,1,-12.684420469309895,-17.2608602259531,0.37712999463482433,102.8034756264646,9.251572680567362
272,2,1,-12.413582113926525,-17.2608602259531,0.2708383553833702,103.07431398184798,9.275946182671698
273,2,2,-12.413582113926525,-16.883730231318275,0.37712999463482433,103.4514439764828,9.30988516707008
274,2,3,-12.413582113926525,-16.506600236683454,0.3771299946348208,103.82857397111763,9.343824151468462
275,1,4,-12.684420469309895,-16.129470242048633,0.46430641563522324,104.29288038675286,9.385608386136859
276,0,4,-12.955258824693265,-16.129470242048633,0.2708383553833702,104.56371874213623,9.409981888241195
277,0,3,-12.955258824693265,-16.506600236683454,0.3771299946348208,104.94084873677104,9.443920872639577
278,0,2,-12.955258824693265,-16.883730231318275,0.3771299946348208,105.31797873140587,9.47785985703796
279,0,1,-12.955258824693265,-17.2608602259531,0.37712999463482433,105.6951087260407,9.511798841436342
280,0,0,-12.955258824693265,-17.63799022058792,0.3771299946348208,106.07223872067553,9.545737825834724
281,1,0,-12.684420469309895,-17.63799022058792,0.2708383553833702,106.3430770760589,9.57011132793906
282,2,0,-12.413582113926525,-17.63799022058792,0.2708383553833702,106.61391543144228,9.594484830043395
283,3,0,-12.142743758543155,-17.63799022058792,0.2708383553833702,106.88475378682566,9.618858332147731
284,4,1,-11.871905403159785,-17.2608602259531,0.46430641563522324,107.34906020246088,9.660642566816128
285,4,2,-11.871905403159785,-16.883730231318275,0.37712999463482433,107.7261901970957,9.69458155121451
286,4,3,-11.871905403159785,-16.506600236683454,0.3771299946348208,108.10332019173052,9.728520535612892
287,3,4,-12.142743758543155,-16.129470242048633,0.46430641563522324,108.56762660736574,9.770304770281289
288,2,5,-12.413582113926525,-15.752340247413812,0.46430641563522324,109.03193302300096,9.812089004949685
289,1,5,-12.684420469309895,-15.752340247413812,0.2708383553833702,109.30277137838434,9.836462507054021
290,0,5,-12.955258824693265,-15.752340247413812,0.2708383553833702,109.57360973376771,9.860836009158357
291,1,4,-12.684420469309895,-16.129470242048633,0.46430641563522324,110.03791614940293,9.902620243826753
292,2,3,-12.413582113926525,-16.506600236683454,0.46430641563522324,110.50222256503815,9.94440447849515
293,3,2,-12.142743758543155,-16.883730231318275,0.46430641563522324,110.96652898067337,9.986188713163546
294,4,1,-11.871905403159785,-17.2608602259531,0.4643064156352261,111.4308353963086,10.027972947831943
295,5,0,-11.601067047776414,-17.63799022058792,0.46430641563522324,111.89514181194382,10.06975718250034
296,6,1,-11.330228692393044,-17.2608602259531,0.46430641563522324,112.35944822757904,10.111541417168736
297,7,2,-11.059390337009674,-16.883730231318275,0.4643064156352261,112.82375464321426,10.153325651837132
298,8,3,-10.788551981626304,-16.506600236683454,0.46430641563522324,113.28806105884948,10.195109886505529
299,9,4,-10.517713626242934,-16.129470242048633,0.46430641563522324,113.7523674744847,10.236894121173925
300,10,5,-10.246875270859565,-15.752340247413812,0.46430641563522224,114.21667389011992,10.278678355842322
301,11,6,-9.976036915476193,-15.37521025277899,0.46430641563522573,114.68098030575514,10.320462590510719
302,12,7,-9.705198560092825,-14.998080258144169,0.46430641563522224,115.14528672139036,10.362246825179115
303,13,8,-9.434360204709455,-14.620950263509346,0.4643064156352247,115.60959313702558,10.404031059847512
304,14,9,-9.163521849326084,-14.243820268874526,0.46430641563522324,116.0738995526608,10.445815294515908
305,15,10,-8.892683493942714,-13.866690274239705,0.46430641563522324,116.53820596829603,10.487599529184305
306,16,11,-8.621845138559344,-13.489560279604882,0.4643064156352247,117.00251238393125,10.529383763852701
307,17,12,-8.351006783175974,-13.11243028497006,0.4643064156352247,117.46681879956647,10.571167998521098
308,18,13,-8.080168427792604,-12.735300290335239,0.46430641563522324,117.93112521520169,10.612952233189494
309,19,14,-7.809330072409234,-12.358170295700418,0.46430641563522274,118.39543163083691,10.65473646785789
310,20,15,-7.538491717025864,-11.981040301065596,0.4643064156352247,118.85973804647213,10.696520702526287
311,21,16,-7.267653361642494,-11.603910306430775,0.46430641563522324,119.32404446210735,10.738304937194684
312,22,17,-6.996815006259124,-11.226780311795952,0.4643064156352247,119.78835087774257,10.78008917186308
313,22,18,-6.996815006259124,-10.849650317161132,0.3771299946348208,120.1654808723774,10.814028156261463
314,22,19,-6.996815006259124,-10.47252032252631,0.3771299946348208,120.54261086701223,10.847967140659845
315,22,20,-6.996815006259124,-10.095390327891488,0.37712999463482255,120.91974086164706,10.881906125058228
316,22,21,-6.996815006259124,-9.718260333256667,0.3771299946348208,121.29687085628188,10.91584510945661
317,22,22,-6.996815006259124,-9.341130338621845,0.37712999463482255,121.67400085091671,10.949784093854992
318,22,23,-6.996815006259124,-8.964000343987024,0.3771299946348208,122.05113084555154,10.983723078253375
319,23,24,-6.7259766508757535,-8.586870349352202,0.4643064156352247,122.51543726118676,11.025507312921771
320,23,25,-6.7259766508757535,-8.20974035471738,0.3771299946348208,122.89256725582158,11.059446297320154
321,23,26,-6.7259766508757535,-7.832610360082558,0.37712999463482255,123.2696972504564,11.093385281718536
322,23,27,-6.7259766508757535,-7.4554803654477375,0.3771299946348208,123.64682724509123,11.127324266116918
323,23,28,-6.7259766508757535,-7.078350370812917,0.3771299946348208,124.02395723972606,11.1612632505153
324,23,29,-6.7259766508757535,-6.701220376178094,0.37712999463482255,124.40108723436089,11.195202234913683
325,23,30,-6.7259766508757535,-6.324090381543273,0.3771299946348208,124.77821722899571,11.229141219312066
326,23,31,-6.7259766508757535,-5.946960386908451,0.37712999463482255,125.15534722363054,11.263080203710448
327,24,32,-6.455138295492384,-5.56983039227363,0.46430641563522274,125.61965363926576,11.304864438378845
328,24,33,-6.455138295492384,-5.1927003976388075,0.37712999463482255,125.99678363390059,11.338803422777227
329,24,34,-6.455138295492384,-4.815570403003987,0.3771299946348208,126.3739136285354,11.37274240717561
330,24,35,-6.455138295492384,-4.438440408369164,0.37712999463482255,126.75104362317023,11.406681391573992
331,24,36,-6.455138295492384,-4.061310413734343,0.3771299946348208,127.12817361780506,11.440620375972374
332,24,37,-6.455138295492384,-3.6841804190995227,0.3771299946348208,127.50530361243989,11.474559360370757
333,24,38,-6.455138295492384,-3.3070504244647,0.37712999463482255,127.88243360707472,11.508498344769139
334,25,38,-6.184299940109014,-3.3070504244647,0.2708383553833702,128.1532719624581,11.532871846873475
335,25,39,-6.184299940109014,-2.9299204298298793,0.3771299946348208,128.53040195709292,11.566810831271857
336,24,39,-6.455138295492384,-2.9299204298298793,0.2708383553833702,128.8012403124763,11.591184333376193
337,23,39,-6.7259766508757535,-2.9299204298298793,0.2708383553833693,129.07207866785967,11.615557835480528
338,22,38,-6.996815006259124,-3.3070504244647,0.46430641563522324,129.5363850834949,11.657342070148925
339,22,37,-6.996815006259124,-3.6841804190995227,0.37712999463482255,129.91351507812973,11.691281054547307
340,23,37,-6.7259766508757535,-3.6841804190995227,0.2708383553833702,130.1843534335131,11.715654556651643
341,23,38,-6.7259766508757535,-3.3070504244647,0.37712999463482255,130.56148342814794,11.749593541050025
342,24,37,-6.455138295492384,-3.6841804190995227,0.4643064156352242,131.02578984378317,11.791377775718422
343,25,37,-6.184299940109014,-3.6841804190995227,0.2708383553833702,131.29662819916655,11.815751277822757
344,26,37,-5.913461584725644,-3.6841804190995227,0.2708383553833702,131.56746655454992,11.840124779927093
345,26,38,-5.913461584725644,-3.3070504244647,0.37712999463482255,131.94459654918475,11.874063764325475
346,26,39,-5.913461584725644,-2.9299204298298793,0.3771299946348208,132.32172654381958,11.908002748723858
347,25,40,-6.184299940109014,-2.5527904351950568,0.4643064156352247,132.78603295945481,11.949786983392254
348,25,41,-6.184299940109014,-2.175660440560236,0.3771299946348208,133.16316295408964,11.983725967790637
349,24,41,-6.455138295492384,-2.175660440560236,0.2708383553833702,133.43400130947302,12.008099469894972
350,23,41,-6.7259766508757535,-2.175660440560236,0.2708383553833693,133.7048396648564,12.032472971999308
351,23,40,-6.7259766508757535,-2.5527904351950568,0.3771299946348208,134.08196965949122,12.06641195639769
352,22,39,-6.996815006259124,-2.9299204298298793,0.4643064156352247,134.54627607512646,12.108196191066087
353,22,38,-6.996815006259124,-3.3070504244647,0.3771299946348208,134.92340606976128,12.14213517546447
354,22,37,-6.996815006259124,-3.6841804190995227,0.37712999463482255,135.3005360643961,12.176074159862852
355,22,36,-6.996815006259124,-4.061310413734343,0.3771299946348208,135.67766605903094,12.210013144261234
356,23,36,-6.7259766508757535,-4.061310413734343,0.2708383553833702,135.94850441441432,12.23438664636557
357,24,36,-6.455138295492384,-4.061310413734343,0.2708383553833693,136.2193427697977,12.258760148469905
358,25,36,-6.184299940109014,-4.061310413734343,0.2708383553833702,136.49018112518107,12.283133650574241
359,25,35,-6.184299940109014,-4.438440408369164,0.3771299946348208,136.8673111198159,12.317072634972623
360,26,36,-5.913461584725644,-4.061310413734343,0.46430641563522324,137.33161753545113,12.35885686964102
361,26,37,-5.913461584725644,-3.6841804190995227,0.3771299946348208,137.70874753008596,12.392795854039402
362,26,38,-5.913461584725644,-3.3070504244647,0.37712999463482255,138.0858775247208,12.426734838437785
363,26,39,-5.913461584725644,-2.9299204298298793,0.3771299946348208,138.4630075193556,12.460673822836167
364,26,40,-5.913461584725644,-2.5527904351950568,0.37712999463482255,138.84013751399044,12.49461280723455
365,26,41,-5.913461584725644,-2.175660440560236,0.3771299946348208,139.21726750862527,12.528551791632932
366,25,42,-6.184299940109014,-1.7985304459254152,0.46430641563522324,139.6815739242605,12.570336026301328
367,24,42,-6.455138295492384,-1.7985304459254152,0.2708383553833702,139.95241227964388,12.594709528405664
368,23,42,-6.7259766508757535,-1.7985304459254152,0.2708383553833693,140.22325063502726,12.61908303051
369,22,41,-6.996815006259124,-2.175660440560236,0.46430641563522324,140.6875570506625,12.660867265178396
370,21,40,-7.267653361642494,-2.5527904351950568,0.46430641563522324,141.15186346629773,12.702651499846793
371,21,39,-7.267653361642494,-2.9299204298298793,0.37712999463482255,141.52899346093255,12.736590484245175
372,21,38,-7.267653361642494,-3.3070504244647,0.3771299946348208,141.90612345556738,12.770529468643558
373,21,37,-7.267653361642494,-3.6841804190995227,0.37712999463482255,142.2832534502022,12.80446845304194
374,21,36,-7.267653361642494,-4.061310413734343,0.3771299946348208,142.66038344483704,12.838407437440322
375,22,37,-6.996815006259124,-3.6841804190995227,0.46430641563522324,143.12468986047227,12.880191672108719
376,23,38,-6.7259766508757535,-3.3070504244647,0.4643064156352247,143.5889962761075,12.921975906777115
377,24,39,-6.455138295492384,-2.9299204298298793,0.46430641563522274,144.05330269174274,12.963760141445512
378,25,40,-6.184299940109014,-2.5527904351950568,0.4643064156352247,144.51760910737798,13.005544376113908
379,26,41,-5.913461584725644,-2.175660440560236,0.46430641563522324,144.9819155230132,13.047328610782305
380,27,42,-5.642623229342274,-1.7985304459254152,0.46430641563522324,145.44622193864845,13.089112845450702
381,28,43,-5.371784873958903,-1.421400451290591,0.4643064156352261,145.91052835428368,13.130897080119098
382,29,43,-5.100946518575534,-1.421400451290591,0.2708383553833693,146.18136670966706,13.155270582223434
383,30,43,-4.830108163192163,-1.421400451290591,0.2708383553833711,146.45220506505044,13.17964408432777
384,31,43,-4.559269807808793,-1.421400451290591,0.2708383553833702,146.7230434204338,13.204017586432105
385,32,43,-4.288431452425424,-1.421400451290591,0.2708383553833684,146.9938817758172,13.22839108853644
386,33,43,-4.017593097042054,-1.421400451290591,0.2708383553833702,147.26472013120056,13.252764590640776
387,34,43,-3.746754741658684,-1.421400451290591,0.2708383553833702,147.53555848658394,13.277138092745112
388,35,43,-3.4759163862753137,-1.421400451290591,0.2708383553833702,147.8063968419673,13.301511594849448
389,36,43,-3.2050780308919435,-1.421400451290591,0.2708383553833702,148.0772351973507,13.325885096953783
390,37,43,-2.9342396755085733,-1.421400451290591,0.2708383553833702,148.34807355273406,13.350258599058119
391,38,43,-2.663401320125203,-1.421400451290591,0.2708383553833702,148.61891190811744,13.374632101162454
392,38,44,-2.663401320125203,-1.0442704566557701,0.3771299946348208,148.99604190275227,13.408571085560837
393,38,45,-2.663401320125203,-0.6671404620209493,0.3771299946348208,149.3731718973871,13.44251006995922
394,39,45,-2.392562964741833,-0.6671404620209493,0.2708383553833702,149.64401025277047,13.466883572063555
395,39,46,-2.392562964741833,-0.29001046738612857,0.3771299946348208,150.0211402474053,13.500822556461937
396,40,46,-2.1217246093584627,-0.29001046738612857,0.2708383553833702,150.29197860278867,13.525196058566273
397,41,46,-1.8508862539750925,-0.29001046738612857,0.2708383553833702,150.56281695817205,13.549569560670609
398,41,45,-1.8508862539750925,-0.6671404620209493,0.3771299946348208,150.93994695280688,13.583508545068991
399,41,44,-1.8508862539750925,-1.0442704566557701,0.3771299946348208,151.3170769474417,13.617447529467373
400,41,43,-1.8508862539750925,-1.421400451290591,0.3771299946348208,151.69420694207653,13.651386513865756
401,41,42,-1.8508862539750925,-1.7985304459254152,0.37712999463482433,152.07133693671136,13.685325498264138
402,40,43,-2.1217246093584627,-1.421400451290591,0.4643064156352261,152.5356433523466,13.727109732932535
403,39,44,-2.392562964741833,-1.0442704566557701,0.46430641563522324,152.99994976798183,13.768893967600931
404,40,45,-2.1217246093584627,-0.6671404620209493,0.46430641563522324,153.46425618361707,13.810678202269328
405,40,46,-2.1217246093584627,-0.29001046738612857,0.3771299946348208,153.8413861782519,13.84461718666771
406,40,47,-2.1217246093584627,0.08711952724869221,0.3771299946348208,154.21851617288672,13.878556171066093
407,41,47,-1.8508862539750925,0.08711952724869221,0.2708383553833702,154.4893545282701,13.902929673170428
408,42,47,-1.5800478985917223,0.08711952724869221,0.2708383553833702,154.76019288365347,13.927303175274764
409,42,46,-1.5800478985917223,-0.29001046738612857,0.3771299946348208,155.1373228782883,13.961242159673146
410,42,45,-1.5800478985917223,-0.6671404620209493,0.3771299946348208,155.51445287292313,13.995181144071529
411,42,44,-1.5800478985917223,-1.0442704566557701,0.3771299946348208,155.89158286755796,14.029120128469911
412,42,43,-1.5800478985917223,-1.421400451290591,0.3771299946348208,156.26871286219279,14.063059112868293
413,41,42,-1.8508862539750925,-1.7985304459254152,0.4643064156352261,156.73301927782802,14.10484334753669
414,40,42,-2.1217246093584627,-1.7985304459254152,0.2708383553833702,157.0038576332114,14.129216849641026
415,39,42,-2.392562964741833,-1.7985304459254152,0.2708383553833702,157.27469598859477,14.153590351745361
416,39,43,-2.392562964741833,-1.421400451290591,0.37712999463482433,157.6518259832296,14.187529336143744
417,38,44,-2.663401320125203,-1.0442704566557701,0.46430641563522324,158.11613239886483,14.22931357081214
418,38,45,-2.663401320125203,-0.6671404620209493,0.3771299946348208,158.49326239349966,14.263252555210522
419,38,46,-2.663401320125203,-0.29001046738612857,0.3771299946348208,158.8703923881345,14.297191539608905
420,38,47,-2.663401320125203,0.08711952724869221,0.3771299946348208,159.24752238276932,14.331130524007287
421,39,47,-2.392562964741833,0.08711952724869221,0.2708383553833702,159.5183607381527,14.355504026111623
422,39,48,-2.392562964741833,0.46424952188351654,0.37712999463482433,159.89549073278752,14.389443010510005
423,40,48,-2.1217246093584627,0.46424952188351654,0.2708383553833702,160.1663290881709,14.413816512614341
424,41,48,-1.8508862539750925,0.46424952188351654,0.2708383553833702,160.43716744355427,14.438190014718677
425,42,48,-1.5800478985917223,0.46424952188351654,0.2708383553833702,160.70800579893765,14.462563516823012
426,41,47,-1.8508862539750925,0.08711952724869221,0.4643064156352261,161.17231221457288,14.504347751491409
427,40,46,-2.1217246093584627,-0.29001046738612857,0.46430641563522324,161.63661863020812,14.546131986159805
428,39,45,-2.392562964741833,-0.6671404620209493,0.46430641563522324,162.10092504584335,14.587916220828202
429,39,44,-2.392562964741833,-1.0442704566557701,0.3771299946348208,162.47805504047818,14.621855205226584
430,39,43,-2.392562964741833,-1.421400451290591,0.3771299946348208,162.855185035113,14.655794189624967
431,39,42,-2.392562964741833,-1.7985304459254152,0.37712999463482433,163.23231502974784,14.689733174023349
432,39,41,-2.392562964741833,-2.175660440560236,0.3771299946348208,163.60944502438267,14.723672158421731
433,40,42,-2.1217246093584627,-1.7985304459254152,0.46430641563522324,164.0737514400179,14.765456393090128
434,41,42,-1.8508862539750925,-1.7985304459254152,0.2708383553833702,164.34458979540128,14.789829895194464
435,42,42,-1.5800478985917223,-1.7985304459254152,0.2708383553833702,164.61542815078465,14.8142033972988
436,43,43,-1.309209543208354,-1.421400451290591,0.46430641563522507,165.0797345664199,14.855987631967196
437,44,44,-1.0383711878249837,-1.0442704566557701,0.46430641563522324,165.54404098205512,14.897771866635592
438,44,45,-1.0383711878249837,-0.6671404620209493,0.3771299946348208,165.92117097668995,14.931710851033975
439,44,46,-1.0383711878249837,-0.29001046738612857,0.3771299946348208,166.29830097132478,14.965649835432357
440,45,46,-0.7675328324416135,-0.29001046738612857,0.2708383553833702,166.56913932670815,14.990023337536693
441,46,46,-0.4966944770582433,-0.29001046738612857,0.2708383553833702,166.83997768209153,15.014396839641028
442,47,46,-0.22585612167487312,-0.29001046738612857,0.2708383553833702,167.1108160374749,15.038770341745364
443,47,45,-0.22585612167487312,-0.6671404620209493,0.3771299946348208,167.48794603210973,15.072709326143746
444,48,45,0.04498223370849708,-0.6671404620209493,0.2708383553833702,167.7587843874931,15.097082828248082
445,48,46,0.04498223370849708,-0.29001046738612857,0.3771299946348208,168.13591438212794,15.131021812646464
446,48,47,0.04498223370849708,0.08711952724869221,0.3771299946348208,168.51304437676276,15.164960797044847
447,48,48,0.04498223370849708,0.46424952188351654,0.37712999463482433,168.8901743713976,15.19889978144323
448,47,48,-0.22585612167487312,0.46424952188351654,0.2708383553833702,169.16101272678097,15.223273283547565
449,46,47,-0.4966944770582433,0.08711952724869221,0.4643064156352261,169.6253191424162,15.265057518215961
450,47,47,-0.22585612167487312,0.08711952724869221,0.2708383553833702,169.89615749779958,15.289431020320297
451,48,47,0.04498223370849708,0.08711952724869221,0.2708383553833702,170.16699585318295,15.313804522424633
452,49,47,0.3158205890918673,0.08711952724869221,0.2708383553833702,170.43783420856633,15.338178024528968
453,49,46,0.3158205890918673,-0.29001046738612857,0.3771299946348208,170.81496420320116,15.37211700892735
454,49,45,0.3158205890918673,-0.6671404620209493,0.3771299946348208,171.19209419783598,15.406055993325733
455,48,44,0.04498223370849708,-1.0442704566557701,0.46430641563522324,171.65640061347122,15.44784022799413
456,48,43,0.04498223370849708,-1.421400451290591,0.3771299946348208,172.03353060810605,15.481779212392512
457,47,43,-0.22585612167487312,-1.421400451290591,0.2708383553833702,172.30436896348942,15.506152714496848
458,47,44,-0.22585612167487312,-1.0442704566557701,0.3771299946348208,172.68149895812425,15.54009169889523
459,46,45,-0.4966944770582433,-0.6671404620209493,0.46430641563522324,173.1458053737595,15.581875933563627
460,45,46,-0.7675328324416135,-0.29001046738612857,0.46430641563522324,173.61011178939472,15.623660168232023
461,45,47,-0.7675328324416135,0.08711952724869221,0.3771299946348208,173.98724178402955,15.657599152630405
462,44,48,-1.0383711878249837,0.46424952188351654,0.4643064156352261,174.45154819966478,15.699383387298802
463,44,49,-1.0383711878249837,0.8413795165183373,0.3771299946348208,174.8286781942996,15.733322371697184
464,45,48,-0.7675328324416135,0.46424952188351654,0.46430641563522324,175.29298460993485,15.775106606365581
465,46,49,-0.4966944770582433,0.8413795165183373,0.46430641563522324,175.75729102557008,15.816890841033977
466,47,49,-0.22585612167487312,0.8413795165183373,0.2708383553833702,176.02812938095346,15.841264343138313
467,48,49,0.04498223370849708,0.8413795165183373,0.2708383553833702,176.29896773633683,15.865637845242649
468,49,49,0.3158205890918673,0.8413795165183373,0.2708383553833702,176.5698060917202,15.890011347346984
469,49,48,0.3158205890918673,0.46424952188351654,0.3771299946348208,176.94693608635504,15.923950331745367
470,49,47,0.3158205890918673,0.08711952724869221,0.37712999463482433,177.32406608098987,15.95788931614375
471,49,46,0.3158205890918673,-0.29001046738612857,0.3771299946348208,177.7011960756247,15.991828300542132
472,49,45,0.3158205890918673,-0.6671404620209493,0.3771299946348208,178.07832607025952,16.025767284940514
473,49,44,0.3158205890918673,-1.0442704566557701,0.3771299946348208,178.45545606489435,16.059706269338896
474,48,43,0.04498223370849708,-1.421400451290591,0.46430641563522324,178.91976248052958,16.101490504007295
475,47,43,-0.22585612167487312,-1.421400451290591,0.2708383553833702,179.19060083591296,16.12586400611163
476,46,43,-0.4966944770582433,-1.421400451290591,0.2708383553833702,179.46143919129634,16.150237508215966
477,45,43,-0.7675328324416135,-1.421400451290591,0.2708383553833702,179.7322775466797,16.1746110103203
478,45,44,-0.7675328324416135,-1.0442704566557701,0.3771299946348208,180.10940754131454,16.208549994718684
479,45,45,-0.7675328324416135,-0.6671404620209493,0.3771299946348208,180.48653753594937,16.242488979117066
480,46,44,-0.4966944770582433,-1.0442704566557701,0.46430641563522324,180.9508439515846,16.284273213785465
481,47,43,-0.22585612167487312,-1.421400451290591,0.46430641563522324,181.41515036721984,16.326057448453863
482,48,43,0.04498223370849708,-1.421400451290591,0.2708383553833702,181.6859887226032,16.3504309505582
483,49,43,0.3158205890918673,-1.421400451290591,0.2708383553833702,181.9568270779866,16.374804452662534
484,48,44,0.04498223370849708,-1.0442704566557701,0.46430641563522324,182.42113349362182,16.416588687330933
485,47,45,-0.22585612167487312,-0.6671404620209493,0.46430641563522324,182.88543990925706,16.45837292199933
486,46,46,-0.4966944770582433,-0.29001046738612857,0.46430641563522324,183.3497463248923,16.50015715666773
487,45,47,-0.7675328324416135,0.08711952724869221,0.46430641563522324,183.81405274052753,16.541941391336128
488,44,47,-1.0383711878249837,0.08711952724869221,0.2708383553833702,184.0848910959109,16.566314893440463
489,43,47,-1.309209543208354,0.08711952724869221,0.2708383553833702,184.35572945129428,16.5906883955448
490,42,48,-1.5800478985917223,0.46424952188351654,0.46430641563522507,184.82003586692952,16.632472630213197
491,41,48,-1.8508862539750925,0.46424952188351654,0.2708383553833702,185.0908742223129,16.656846132317533
492,40,48,-2.1217246093584627,0.46424952188351654,0.2708383553833702,185.36171257769627,16.68121963442187
493,39,48,-2.392562964741833,0.46424952188351654,0.2708383553833702,185.63255093307964,16.705593136526204
494,38,48,-2.663401320125203,0.46424952188351654,0.2708383553833702,185.90338928846302,16.72996663863054
495,37,49,-2.9342396755085733,0.8413795165183373,0.46430641563522324,186.36769570409825,16.771750873298938
496,36,48,-3.2050780308919435,0.46424952188351654,0.46430641563522324,186.8320021197335,16.813535107967336
497,36,47,-3.2050780308919435,0.08711952724869221,0.37712999463482433,187.20913211436832,16.84747409236572
498,35,46,-3.4759163862753137,-0.29001046738612857,0.46430641563522324,187.67343853000355,16.889258327034117
499,34,47,-3.746754741658684,0.08711952724869221,0.46430641563522324,188.1377449456388,16.931042561702515
500,34,48,-3.746754741658684,0.46424952188351654,0.37712999463482433,188.51487494027361,16.964981546100898
501,35,49,-3.4759163862753137,0.8413795165183373,0.46430641563522324,188.97918135590885,17.006765780769296
502,35,48,-3.4759163862753137,0.46424952188351654,0.3771299946348208,189.35631135054368,17.04070476516768
503,35,47,-3.4759163862753137,0.08711952724869221,0.37712999463482433,189.7334413451785,17.07464374956606
504,34,46,-3.746754741658684,-0.29001046738612857,0.46430641563522324,190.19774776081374,17.11642798423446
505,33,46,-4.017593097042054,-0.29001046738612857,0.2708383553833702,190.46858611619712,17.140801486338795
506,32,47,-4.288431452425424,0.08711952724869221,0.46430641563522324,190.93289253183235,17.182585721007193
507,32,48,-4.288431452425424,0.46424952188351654,0.37712999463482433,191.31002252646718,17.216524705405575
508,33,49,-4.017593097042054,0.8413795165183373,0.46430641563522324,191.77432894210241,17.258308940073974
509,33,48,-4.017593097042054,0.46424952188351654,0.3771299946348208,192.15145893673724,17.292247924472356
510,33,47,-4.017593097042054,0.08711952724869221,0.37712999463482433,192.52858893137207,17.32618690887074
511,34,48,-3.746754741658684,0.46424952188351654,0.4643064156352261,192.9928953470073,17.367971143539137
512,34,49,-3.746754741658684,0.8413795165183373,0.3771299946348208,193.37002534164213,17.40191012793752
513,35,49,-3.4759163862753137,0.8413795165183373,0.2708383553833702,193.6408636970255,17.426283630041855
514,36,49,-3.2050780308919435,0.8413795165183373,0.2708383553833702,193.91170205240888,17.45065713214619
515,37,48,-2.9342396755085733,0.46424952188351654,0.46430641563522324,194.37600846804412,17.49244136681459
516,37,47,-2.9342396755085733,0.08711952724869221,0.37712999463482433,194.75313846267895,17.52638035121297
517,36,46,-3.2050780308919435,-0.29001046738612857,0.46430641563522324,195.21744487831418,17.56816458588137
518,37,46,-2.9342396755085733,-0.29001046738612857,0.2708383553833702,195.48828323369756,17.592538087985705
519,36,45,-3.2050780308919435,-0.6671404620209493,0.46430641563522324,195.9525896493328,17.634322322654103
520,35,45,-3.4759163862753137,-0.6671404620209493,0.2708383553833702,196.22342800471617,17.65869582475844
521,34,45,-3.746754741658684,-0.6671404620209493,0.2708383553833702,196.49426636009954,17.683069326862775
522,33,46,-4.017593097042054,-0.29001046738612857,0.46430641563522324,196.95857277573478,17.724853561531173
523,32,47,-4.288431452425424,0.08711952724869221,0.46430641563522324,197.42287919137001,17.76663779619957
524,32,48,-4.288431452425424,0.46424952188351654,0.37712999463482433,197.80000918600484,17.800576780597954
525,32,49,-4.288431452425424,0.8413795165183373,0.3771299946348208,198.17713918063967,17.834515764996336
526,33,49,-4.017593097042054,0.8413795165183373,0.2708383553833702,198.44797753602305,17.858889267100672
527,34,49,-3.746754741658684,0.8413795165183373,0.2708383553833702,198.71881589140642,17.883262769205007
528,35,49,-3.4759163862753137,0.8413795165183373,0.2708383553833702,198.9896542467898,17.907636271309343
529,36,49,-3.2050780308919435,0.8413795165183373,0.2708383553833702,199.26049260217317,17.93200977341368
530,37,49,-2.9342396755085733,0.8413795165183373,0.2708383553833702,199.53133095755655,17.956383275518014
531,38,49,-2.663401320125203,0.8413795165183373,0.2708383553833702,199.80216931293992,17.98075677762235
532,37,48,-2.9342396755085733,0.46424952188351654,0.46430641563522324,200.26647572857516,18.02254101229075
533,36,47,-3.2050780308919435,0.08711952724869221,0.4643064156352261,200.7307821442104,18.064325246959147
534,35,46,-3.4759163862753137,-0.29001046738612857,0.46430641563522324,201.19508855984563,18.106109481627545
535,34,45,-3.746754741658684,-0.6671404620209493,0.46430641563522324,201.65939497548086,18.147893716295943
536,33,44,-4.017593097042054,-1.0442704566557701,0.46430641563522324,202.1237013911161,18.18967795096434
537,32,43,-4.288431452425424,-1.421400451290591,0.46430641563522324,202.58800780675134,18.23146218563274
538,31,42,-4.559269807808793,-1.7985304459254152,0.46430641563522507,203.05231422238657,18.273246420301138
539,30,41,-4.830108163192163,-2.175660440560236,0.46430641563522324,203.5166206380218,18.315030654969537
540,29,40,-5.100946518575534,-2.5527904351950568,0.4643064156352238,203.98092705365704,18.356814889637935
541,28,39,-5.371784873958903,-2.9299204298298793,0.4643064156352242,204.44523346929228,18.398599124306333
542,27,38,-5.642623229342274,-3.3070504244647,0.46430641563522324,204.9095398849275,18.44038335897473
543,26,37,-5.913461584725644,-3.6841804190995227,0.4643064156352247,205.37384630056275,18.48216759364313
544,25,36,-6.184299940109014,-4.061310413734343,0.46430641563522324,205.83815271619798,18.523951828311528
545,24,35,-6.455138295492384,-4.438440408369164,0.46430641563522324,206.30245913183322,18.565736062979926
546,23,35,-6.7259766508757535,-4.438440408369164,0.2708383553833693,206.5732974872166,18.590109565084262
547,22,35,-6.996815006259124,-4.438440408369164,0.2708383553833702,206.84413584259997,18.614483067188598
548,21,34,-7.267653361642494,-4.815570403003987,0.4643064156352247,207.3084422582352,18.656267301856996
549,20,34,-7.538491717025864,-4.815570403003987,0.2708383553833702,207.57928061361858,18.68064080396133
550,19,34,-7.809330072409234,-4.815570403003987,0.2708383553833702,207.85011896900195,18.705014306065667
551,18,34,-8.080168427792604,-4.815570403003987,0.2708383553833693,208.12095732438533,18.729387808170003
552,17,34,-8.351006783175974,-4.815570403003987,0.2708383553833702,208.3917956797687,18.75376131027434
553,16,34,-8.621845138559344,-4.815570403003987,0.2708383553833702,208.66263403515208,18.778134812378674
554,15,35,-8.892683493942714,-4.438440408369164,0.4643064156352247,209.12694045078732,18.819919047047073
555,15,36,-8.892683493942714,-4.061310413734343,0.3771299946348208,209.50407044542214,18.853858031445455
556,14,37,-9.163521849326084,-3.6841804190995227,0.46430641563522324,209.96837686105738,18.895642266113853
557,14,38,-9.163521849326084,-3.3070504244647,0.37712999463482255,210.3455068556922,18.929581250512236
558,13,37,-9.434360204709455,-3.6841804190995227,0.4643064156352247,210.80981327132744,18.971365485180634
559,13,36,-9.434360204709455,-4.061310413734343,0.3771299946348208,211.18694326596227,19.005304469579016
560,14,36,-9.163521849326084,-4.061310413734343,0.2708383553833702,211.45778162134565,19.029677971683352
561,14,35,-9.163521849326084,-4.438440408369164,0.3771299946348208,211.83491161598047,19.063616956081734
562,15,34,-8.892683493942714,-4.815570403003987,0.4643064156352247,212.2992180316157,19.105401190750133
563,16,35,-8.621845138559344,-4.438440408369164,0.4643064156352247,212.76352444725094,19.14718542541853
564,16,36,-8.621845138559344,-4.061310413734343,0.3771299946348208,213.14065444188577,19.181124409816913
565,15,37,-8.892683493942714,-3.6841804190995227,0.46430641563522324,213.604960857521,19.22290864448531
566,15,38,-8.892683493942714,-3.3070504244647,0.37712999463482255,213.98209085215584,19.256847628883694
567,14,39,-9.163521849326084,-2.9299204298298793,0.46430641563522324,214.44639726779107,19.298631863552092
568,13,39,-9.434360204709455,-2.9299204298298793,0.2708383553833702,214.71723562317445,19.323005365656428
569,12,38,-9.705198560092825,-3.3070504244647,0.46430641563522324,215.18154203880968,19.364789600324826
570,13,38,-9.434360204709455,-3.3070504244647,0.2708383553833702,215.45238039419306,19.389163102429162
571,14,37,-9.163521849326084,-3.6841804190995227,0.4643064156352247,215.9166868098283,19.43094733709756
572,15,36,-8.892683493942714,-4.061310413734343,0.46430641563522324,216.38099322546353,19.47273157176596
573,15,35,-8.892683493942714,-4.438440408369164,0.3771299946348208,216.75812322009835,19.50667055616434
574,15,34,-8.892683493942714,-4.815570403003987,0.37712999463482255,217.13525321473318,19.540609540562723
575,15,33,-8.892683493942714,-5.1927003976388075,0.3771299946348208,217.512383209368,19.574548524961106
576,16,33,-8.621845138559344,-5.1927003976388075,0.2708383553833702,217.7832215647514,19.59892202706544
577,17,33,-8.351006783175974,-5.1927003976388075,0.2708383553833702,218.05405992013476,19.623295529169777
578,16,34,-8.621845138559344,-4.815570403003987,0.46430641563522324,218.51836633577,19.665079763838175
579,15,35,-8.892683493942714,-4.438440408369164,0.4643064156352247,218.98267275140523,19.706863998506574
580,14,36,-9.163521849326084,-4.061310413734343,0.46430641563522324,219.44697916704047,19.748648233174972
581,14,37,-9.163521849326084,-3.6841804190995227,0.3771299946348208,219.8241091616753,19.782587217573354
582,14,38,-9.163521849326084,-3.3070504244647,0.37712999463482255,220.20123915631012,19.816526201971737
583,14,39,-9.163521849326084,-2.9299204298298793,0.3771299946348208,220.57836915094495,19.85046518637012
584,14,40,-9.163521849326084,-2.5527904351950568,0.37712999463482255,220.95549914557978,19.8844041707685
585,15,41,-8.892683493942714,-2.175660440560236,0.46430641563522324,221.41980556121501,19.9261884054369
586,16,41,-8.621845138559344,-2.175660440560236,0.2708383553833702,221.6906439165984,19.950561907541235
587,17,41,-8.351006783175974,-2.175660440560236,0.2708383553833702,221.96148227198177,19.97493540964557
588,18,41,-8.080168427792604,-2.175660440560236,0.2708383553833702,222.23232062736514,19.999308911749907
589,18,40,-8.080168427792604,-2.5527904351950568,0.3771299946348208,222.60945062199997,20.03324789614829
590,19,40,-7.809330072409234,-2.5527904351950568,0.2708383553833693,222.88028897738334,20.057621398252625
591,19,41,-7.809330072409234,-2.175660440560236,0.3771299946348208,223.25741897201817,20.091560382651007
592,20,41,-7.538491717025864,-2.175660440560236,0.2708383553833702,223.52825732740155,20.115933884755343
593,20,40,-7.538491717025864,-2.5527904351950568,0.3771299946348208,223.90538732203638,20.149872869153725
594,19,39,-7.809330072409234,-2.9299204298298793,0.4643064156352247,224.3696937376716,20.191657103822124
595,19,38,-7.809330072409234,-3.3070504244647,0.3771299946348208,224.74682373230644,20.225596088220506
596,20,38,-7.538491717025864,-3.3070504244647,0.2708383553833702,225.0176620876898,20.24996959032484
597,20,39,-7.538491717025864,-2.9299204298298793,0.3771299946348208,225.39479208232464,20.283908574723224
598,21,40,-7.267653361642494,-2.5527904351950568,0.4643064156352247,225.85909849795988,20.325692809391622
599,21,41,-7.267653361642494,-2.175660440560236,0.3771299946348208,226.2362284925947,20.359631793790005
600,21,42,-7.267653361642494,-1.7985304459254152,0.3771299946348208,226.61335848722953,20.393570778188387
601,20,42,-7.538491717025864,-1.7985304459254152,0.2708383553833702,226.8841968426129,20.417944280292723
602,19,42,-7.809330072409234,-1.7985304459254152,0.2708383553833702,227.15503519799628,20.44231778239706
603,18,42,-8.080168427792604,-1.7985304459254152,0.2708383553833693,227.42587355337966,20.466691284501394
604,17,42,-8.351006783175974,-1.7985304459254152,0.2708383553833702,227.69671190876304,20.49106478660573
605,18,41,-8.080168427792604,-2.175660440560236,0.46430641563522324,228.16101832439827,20.532849021274128
606,18,40,-8.080168427792604,-2.5527904351950568,0.3771299946348208,228.5381483190331,20.56678800567251
607,18,39,-8.080168427792604,-2.9299204298298793,0.37712999463482255,228.91527831366793,20.600726990070893
608,19,38,-7.809330072409234,-3.3070504244647,0.46430641563522274,229.37958472930316,20.64251122473929
609,20,37,-7.538491717025864,-3.6841804190995227,0.4643064156352247,229.8438911449384,20.68429545940769
610,20,36,-7.538491717025864,-4.061310413734343,0.3771299946348208,230.22102113957322,20.71823444380607
611,21,37,-7.267653361642494,-3.6841804190995227,0.46430641563522324,230.68532755520846,20.76001867847447
612,22,38,-6.996815006259124,-3.3070504244647,0.4643064156352247,231.1496339708437,20.80180291314287
613,22,39,-6.996815006259124,-2.9299204298298793,0.3771299946348208,231.52676396547852,20.83574189754125
614,22,40,-6.996815006259124,-2.5527904351950568,0.37712999463482255,231.90389396011335,20.869680881939633
615,22,41,-6.996815006259124,-2.175660440560236,0.3771299946348208,232.28102395474818,20.903619866338015
616,22,42,-6.996815006259124,-1.7985304459254152,0.3771299946348208,232.658153949383,20.937558850736398
617,21,41,-7.267653361642494,-2.175660440560236,0.46430641563522324,233.12246036501824,20.979343085404796
618,20,40,-7.538491717025864,-2.5527904351950568,0.46430641563522324,233.58676678065348,21.021127320073195
619,19,39,-7.809330072409234,-2.9299204298298793,0.4643064156352247,234.0510731962887,21.062911554741593
620,18,38,-8.080168427792604,-3.3070504244647,0.46430641563522274,234.51537961192395,21.10469578940999
621,17,37,-8.351006783175974,-3.6841804190995227,0.4643064156352247,234.97968602755918,21.14648002407839
622,16,36,-8.621845138559344,-4.061310413734343,0.46430641563522324,235.44399244319442,21.188264258746788
623,15,35,-8.892683493942714,-4.438440408369164,0.46430641563522324,235.90829885882965,21.230048493415186
624,14,34,-9.163521849326084,-4.815570403003987,0.4643064156352247,236.3726052744649,21.271832728083584
625,13,33,-9.434360204709455,-5.1927003976388075,0.46430641563522324,236.83691169010012,21.313616962751983
626,12,32,-9.705198560092825,-5.56983039227363,0.4643064156352247,237.30121810573536,21.35540119742038
627,11,31,-9.976036915476193,-5.946960386908451,0.46430641563522224,237.7655245213706,21.397185432088776
628,10,32,-10.246875270859565,-5.56983039227363,0.4643064156352243,238.22983093700583,21.438969666757174
629,10,33,-10.246875270859565,-5.1927003976388075,0.37712999463482255,238.60696093164066,21.472908651155556
630,9,34,-10.517713626242934,-4.815570403003987,0.46430641563522224,239.0712673472759,21.51469288582395
631,9,33,-10.517713626242934,-5.1927003976388075,0.3771299946348208,239.44839734191072,21.548631870222334
632,9,32,-10.517713626242934,-5.56983039227363,0.37712999463482255,239.82552733654555,21.582570854620716
633,9,31,-10.517713626242934,-5.946960386908451,0.3771299946348208,240.20265733118038,21.6165098390191
634,10,31,-10.246875270859565,-5.946960386908451,0.2708383553833684,240.47349568656375,21.640883341123434
635,11,30,-9.976036915476193,-6.324090381543273,0.46430641563522573,240.937802102199,21.682667575791832
636,12,30,-9.705198560092825,-6.324090381543273,0.2708383553833684,241.20864045758236,21.707041077896168
637,12,31,-9.705198560092825,-5.946960386908451,0.37712999463482255,241.5857704522172,21.74098006229455
638,11,32,-9.976036915476193,-5.56983039227363,0.46430641563522224,242.05007686785243,21.782764296962945
639,11,33,-9.976036915476193,-5.1927003976388075,0.37712999463482255,242.42720686248725,21.816703281361328
640,10,34,-10.246875270859565,-4.815570403003987,0.4643064156352243,242.8915132781225,21.858487516029726
641,9,35,-10.517713626242934,-4.438440408369164,0.4643064156352236,243.35581969375772,21.900271750698124
642,8,34,-10.788551981626304,-4.815570403003987,0.4643064156352247,243.82012610939296,21.942055985366522
643,8,33,-10.788551981626304,-5.1927003976388075,0.3771299946348208,244.1972561040278,21.975994969764905
644,8,32,-10.788551981626304,-5.56983039227363,0.37712999463482255,244.57438609866261,22.009933954163287
645,7,33,-11.059390337009674,-5.1927003976388075,0.4643064156352247,245.03869251429785,22.051718188831686
646,7,34,-11.059390337009674,-4.815570403003987,0.3771299946348208,245.41582250893268,22.085657173230068
647,8,33,-10.788551981626304,-5.1927003976388075,0.46430641563522324,245.8801289245679,22.127441407898466
648,9,32,-10.517713626242934,-5.56983039227363,0.4643064156352247,246.34443534020315,22.169225642566865
649,10,31,-10.246875270859565,-5.946960386908451,0.46430641563522224,246.80874175583838,22.21100987723526
650,11,31,-9.976036915476193,-5.946960386908451,0.270838355383372,247.07958011122176,22.235383379339595
651,12,31,-9.705198560092825,-5.946960386908451,0.2708383553833684,247.35041846660513,22.25975688144393
652,13,31,-9.434360204709455,-5.946960386908451,0.2708383553833702,247.6212568219885,22.284130383548266
653,13,30,-9.434360204709455,-6.324090381543273,0.37712999463482255,247.99838681662334,22.31806936794665
654,14,31,-9.163521849326084,-5.946960386908451,0.4643064156352247,248.46269323225857,22.359853602615047
655,13,32,-9.434360204709455,-5.56983039227363,0.46430641563522324,248.9269996478938,22.401637837283445
656,12,33,-9.705198560092825,-5.1927003976388075,0.4643064156352247,249.39130606352904,22.443422071951844
657,12,34,-9.705198560092825,-4.815570403003987,0.3771299946348208,249.76843605816387,22.477361056350226
658,12,35,-9.705198560092825,-4.438440408369164,0.37712999463482255,250.1455660527987,22.51130004074861
659,11,35,-9.976036915476193,-4.438440408369164,0.2708383553833684,250.41640440818207,22.535673542852944
660,10,35,-10.246875270859565,-4.438440408369164,0.270838355383372,250.68724276356545,22.56004704495728
661,10,36,-10.246875270859565,-4.061310413734343,0.3771299946348208,251.06437275820028,22.593986029355662
662,11,37,-9.976036915476193,-3.6841804190995227,0.4643064156352243,251.5286791738355,22.63577026402406
663,12,37,-9.705198560092825,-3.6841804190995227,0.2708383553833684,251.7995175292189,22.660143766128396
664,12,36,-9.705198560092825,-4.061310413734343,0.3771299946348208,252.17664752385372,22.69408275052678
665,13,35,-9.434360204709455,-4.438440408369164,0.46430641563522324,252.64095393948895,22.735866985195177
666,13,34,-9.434360204709455,-4.815570403003987,0.37712999463482255,253.01808393412378,22.76980596959356
667,14,33,-9.163521849326084,-5.1927003976388075,0.46430641563522324,253.48239034975902,22.811590204261957
668,14,32,-9.163521849326084,-5.56983039227363,0.37712999463482255,253.85952034439384,22.84552918866034
669,15,31,-8.892683493942714,-5.946960386908451,0.46430641563522324,254.32382676002908,22.887313423328738
670,14,32,-9.163521849326084,-5.56983039227363,0.46430641563522324,254.7881331756643,22.929097657997136
671,13,33,-9.434360204709455,-5.1927003976388075,0.4643064156352247,255.25243959129955,22.970881892665535
672,12,34,-9.705198560092825,-4.815570403003987,0.46430641563522324,255.71674600693478,23.012666127333933
673,11,35,-9.976036915476193,-4.438440408369164,0.4643064156352236,256.18105242257,23.05445036200233
674,10,36,-10.246875270859565,-4.061310413734343,0.4643064156352243,256.64535883820525,23.09623459667073
675,9,36,-10.517713626242934,-4.061310413734343,0.2708383553833684,256.91619719358863,23.120608098775065
676,10,37,-10.246875270859565,-3.6841804190995227,0.46430641563522224,257.38050360922387,23.16239233344346
677,11,36,-9.976036915476193,-4.061310413734343,0.4643064156352243,257.8448100248591,23.20417656811186
678,11,35,-9.976036915476193,-4.438440408369164,0.3771299946348208,258.2219400194939,23.23811555251024
679,11,34,-9.976036915476193,-4.815570403003987,0.37712999463482255,258.5990700141287,23.272054536908623
680,12,35,-9.705198560092825,-4.438440408369164,0.4643064156352236,259.06337642976393,23.31383877157702
681,13,36,-9.434360204709455,-4.061310413734343,0.46430641563522324,259.52768284539917,23.35562300624542
682,14,37,-9.163521849326084,-3.6841804190995227,0.46430641563522324,259.9919892610344,23.397407240913818
683,15,38,-8.892683493942714,-3.3070504244647,0.4643064156352247,260.45629567666964,23.439191475582216
684,15,39,-8.892683493942714,-2.9299204298298793,0.3771299946348208,260.83342567130444,23.4731304599806
685,16,39,-8.621845138559344,-2.9299204298298793,0.2708383553833702,261.1042640266878,23.497503962084934
686,16,38,-8.621845138559344,-3.3070504244647,0.3771299946348208,261.4813940213226,23.531442946483317
687,17,38,-8.351006783175974,-3.3070504244647,0.2708383553833702,261.752232376706,23.555816448587652
688,18,37,-8.080168427792604,-3.6841804190995227,0.4643064156352247,262.2165387923412,23.59760068325605
689,18,36,-8.080168427792604,-4.061310413734343,0.3771299946348208,262.593668786976,23.631539667654433
690,18,35,-8.080168427792604,-4.438440408369164,0.3771299946348208,262.9707987816108,23.665478652052816
691,17,36,-8.351006783175974,-4.061310413734343,0.46430641563522324,263.43510519724606,23.707262886721214
692,17,35,-8.351006783175974,-4.438440408369164,0.3771299946348208,263.81223519188086,23.741201871119596
693,18,35,-8.080168427792604,-4.438440408369164,0.2708383553833702,264.08307354726423,23.765575373223932
694,19,35,-7.809330072409234,-4.438440408369164,0.2708383553833693,264.3539119026476,23.789948875328268
695,19,36,-7.809330072409234,-4.061310413734343,0.3771299946348208,264.7310418972824,23.82388785972665
696,18,37,-8.080168427792604,-3.6841804190995227,0.46430641563522274,265.19534831291764,23.865672094395048
697,17,38,-8.351006783175974,-3.3070504244647,0.4643064156352247,265.6596547285529,23.907456329063447
698,17,39,-8.351006783175974,-2.9299204298298793,0.3771299946348208,266.0367847231877,23.94139531346183
699,16,40,-8.621845138559344,-2.5527904351950568,0.4643064156352247,266.5010911388229,23.983179548130227
700,17,40,-8.351006783175974,-2.5527904351950568,0.2708383553833702,266.7719294942063,24.007553050234563
701,16,40,-8.621845138559344,-2.5527904351950568,0.2708383553833702,267.04276784958967,24.0319265523389
702,15,40,-8.892683493942714,-2.5527904351950568,0.2708383553833702,267.31360620497304,24.056300054443234
703,16,39,-8.621845138559344,-2.9299204298298793,0.4643064156352247,267.7779126206083,24.098084289111632
704,16,38,-8.621845138559344,-3.3070504244647,0.3771299946348208,268.1550426152431,24.132023273510015
705,16,37,-8.621845138559344,-3.6841804190995227,0.37712999463482255,268.5321726098779,24.165962257908397
706,17,37,-8.351006783175974,-3.6841804190995227,0.2708383553833702,268.80301096526125,24.190335760012733
707,18,37,-8.080168427792604,-3.6841804190995227,0.2708383553833702,269.0738493206446,24.21470926211707
708,19,37,-7.809330072409234,-3.6841804190995227,0.2708383553833693,269.344687676028,24.239082764221404
709,20,38,-7.538491717025864,-3.3070504244647,0.4643064156352247,269.80899409166324,24.280866998889802
710,21,39,-7.267653361642494,-2.9299204298298793,0.46430641563522324,270.2733005072985,24.3226512335582
711,22,40,-6.996815006259124,-2.5527904351950568,0.4643064156352247,270.7376069229337,24.3644354682266
712,23,41,-6.7259766508757535,-2.175660440560236,0.46430641563522324,271.20191333856894,24.406219702894997
713,24,42,-6.455138295492384,-1.7985304459254152,0.46430641563522274,271.6662197542042,24.448003937563396
714,25,42,-6.184299940109014,-1.7985304459254152,0.2708383553833702,271.93705810958755,24.47237743966773
715,26,42,-5.913461584725644,-1.7985304459254152,0.2708383553833702,272.20789646497093,24.496750941772067
716,27,42,-5.642623229342274,-1.7985304459254152,0.2708383553833702,272.4787348203543,24.521124443876403
717,28,42,-5.371784873958903,-1.7985304459254152,0.2708383553833702,272.7495731757377,24.54549794598074
718,29,42,-5.100946518575534,-1.7985304459254152,0.2708383553833693,273.02041153112106,24.569871448085074
719,30,42,-4.830108163192163,-1.7985304459254152,0.2708383553833711,273.29124988650443,24.59424495018941
720,31,42,-4.559269807808793,-1.7985304459254152,0.2708383553833702,273.5620882418878,24.618618452293745
721,32,42,-4.288431452425424,-1.7985304459254152,0.2708383553833684,273.8329265972712,24.64299195439808
722,33,42,-4.017593097042054,-1.7985304459254152,0.2708383553833702,274.10376495265456,24.667365456502417
723,34,42,-3.746754741658684,-1.7985304459254152,0.2708383553833702,274.37460330803793,24.691738958606752
724,35,42,-3.4759163862753137,-1.7985304459254152,0.2708383553833702,274.6454416634213,24.716112460711088
725,36,42,-3.2050780308919435,-1.7985304459254152,0.2708383553833702,274.9162800188047,24.740485962815423
726,37,42,-2.9342396755085733,-1.7985304459254152,0.2708383553833702,275.18711837418806,24.76485946491976
727,36,41,-3.2050780308919435,-2.175660440560236,0.46430641563522324,275.6514247898233,24.806643699588157
728,37,41,-2.9342396755085733,-2.175660440560236,0.2708383553833702,275.92226314520667,24.831017201692493
729,38,42,-2.663401320125203,-1.7985304459254152,0.46430641563522324,276.3865695608419,24.87280143636089
730,37,43,-2.9342396755085733,-1.421400451290591,0.4643064156352261,276.85087597647714,24.91458567102929
731,36,44,-3.2050780308919435,-1.0442704566557701,0.46430641563522324,277.3151823921124,24.956369905697688
732,35,44,-3.4759163862753137,-1.0442704566557701,0.2708383553833702,277.58602074749575,24.980743407802024
733,34,44,-3.746754741658684,-1.0442704566557701,0.2708383553833702,277.8568591028791,25.00511690990636
734,35,44,-3.4759163862753137,-1.0442704566557701,0.2708383553833702,278.1276974582625,25.029490412010695
735,36,44,-3.2050780308919435,-1.0442704566557701,0.2708383553833702,278.3985358136459,25.05386391411503
736,37,44,-2.9342396755085733,-1.0442704566557701,0.2708383553833702,278.66937416902925,25.078237416219366
737,37,45,-2.9342396755085733,-0.6671404620209493,0.3771299946348208,279.04650416366405,25.11217640061775
738,36,44,-3.2050780308919435,-1.0442704566557701,0.46430641563522324,279.5108105792993,25.153960635286147
739,35,43,-3.4759163862753137,-1.421400451290591,0.46430641563522324,279.9751169949345,25.195744869954545
740,35,42,-3.4759163862753137,-1.7985304459254152,0.37712999463482433,280.3522469895693,25.229683854352928
741,35,41,-3.4759163862753137,-2.175660440560236,0.3771299946348208,280.7293769842041,25.26362283875131
