collection_rate,collected_count,total_trash,collision_count,search_distance,actual_distance_m,actual_distance_km,travel_time_min,collection_time_min,total_operation_time_min,total_operation_time_h,elapsed_time
0.9133858267716536,116,127,0,380,43740.41122946064,43.74041122946064,291.6027415297376,58.0,349.6027415297376,5.82671235882896,0.019085407257080078
0.9495798319327731,113,119,0,345,40944.574285494855,40.94457428549485,272.9638285699657,56.5,329.4638285699657,5.491063809499428,0.0076160430908203125
0.9054054054054054,134,148,0,359,42427.41699796952,42.42741699796952,282.84944665313014,67.0,349.84944665313014,5.830824110885502,0.007009983062744141
0.8648648648648649,128,148,0,371,43213.203435596406,43.213203435596405,288.088022903976,64.0,352.088022903976,5.868133715066267,0.006885051727294922
0.8974358974358975,140,156,0,381,44254.62479183373,44.254624791833734,295.0308319455582,70.0,365.0308319455582,6.083847199092637,0.007997274398803711
0.7758620689655172,90,116,0,198,23386.500705120503,23.386500705120504,155.91000470080334,45.0,200.91000470080334,3.3485000783467225,0.0039997100830078125
0.88,110,125,0,333,38543.354954612885,38.54335495461289,256.9556996974192,55.0,311.9556996974192,5.199261661623654,0.005999088287353516
0.94,141,150,0,421,49207.31598529189,49.20731598529189,328.04877323527927,70.5,398.54877323527927,6.642479553921321,0.010005474090576172
0.9349593495934959,115,123,0,374,42643.3549546129,42.6433549546129,284.28903303075265,57.5,341.78903303075265,5.696483883845877,0.009001016616821289
0.8130841121495327,87,107,0,263,30590.663761154752,30.59066376115475,203.93775840769834,43.5,247.43775840769834,4.123962640128306,0.007021665573120117
0.9054054054054054,134,148,0,366,42423.25394193526,42.423253941935265,282.8216929462351,67.0,349.8216929462351,5.830361549103918,0.009000301361083984
0.8468468468468469,94,111,0,362,42064.675298172544,42.064675298172546,280.4311686544836,47.0,327.4311686544836,5.457186144241393,0.0074765682220458984
0.6776315789473685,103,152,0,246,28766.399692442817,28.766399692442818,191.77599794961878,51.5,243.27599794961878,4.05459996582698,0.004998207092285156
0.8345864661654135,111,133,0,307,35570.562748477074,35.57056274847707,237.13708498984715,55.5,292.6370849898472,4.877284749830786,0.006006002426147461
0.8258064516129032,128,155,0,349,40267.61902332482,40.26761902332482,268.4507934888321,64.0,332.4507934888322,5.540846558147202,0.008998870849609375
0.6690647482014388,93,139,0,228,26676.450198781677,26.676450198781676,177.8430013252112,46.5,224.3430013252112,3.739050022086853,0.005995273590087891
0.8391608391608392,120,143,0,341,39923.253941935225,39.92325394193522,266.1550262795682,60.0,326.1550262795682,5.435917104659469,0.007704257965087891
0.8676470588235294,118,136,0,350,39704.877323527886,39.70487732352789,264.69918215685254,59.0,323.6991821568526,5.394986369280876,0.007999658584594727
0.8909090909090909,98,110,0,323,38330.360723121754,38.33036072312176,255.535738154145,49.0,304.53573815414506,5.075595635902418,0.008000850677490234
0.8373493975903614,139,166,0,416,47961.73157302031,47.96173157302031,319.7448771534688,69.5,389.2448771534688,6.48741461922448,0.00999140739440918
0.7483443708609272,113,151,0,315,36909.04037956211,36.90904037956211,246.06026919708074,56.5,302.56026919708074,5.042671153284679,0.006995439529418945
0.7628205128205128,119,156,0,336,38719.090885900965,38.71909088590097,258.1272725726731,59.5,317.6272725726731,5.293787876211219,0.009004831314086914
0.8909090909090909,147,165,0,401,45550.46173579947,45.55046173579947,303.6697449053298,73.5,377.1697449053298,6.28616241508883,0.011588096618652344
0.8778625954198473,115,131,0,332,38650.461735799436,38.65046173579944,257.6697449053296,57.5,315.1697449053296,5.252829081755493,0.007006645202636719
0.8980891719745223,141,157,0,415,47944.57428549495,47.94457428549495,319.63049523663295,70.5,390.13049523663295,6.50217492061055,0.008991479873657227
0.8269230769230769,86,104,0,290,34284.77631085016,34.28477631085016,228.56517540566773,43.0,271.56517540566773,4.526086256761129,0.007972240447998047
0.859504132231405,104,121,0,299,34687.72003600246,34.68772003600246,231.25146690668305,52.0,283.25146690668305,4.720857781778051,0.006986141204833984
0.8446601941747572,87,103,0,255,30246.298679765143,30.246298679765143,201.64199119843428,43.5,245.14199119843428,4.085699853307238,0.007004976272583008
0.5338983050847458,63,118,0,224,25779.393923933963,25.779393923933963,171.86262615955974,31.5,203.36262615955974,3.389377102659329,0.00599980354309082
0.8842975206611571,107,121,0,375,42411.98410471444,42.411984104714435,282.74656069809623,53.5,336.24656069809623,5.604109344968271,0.012910842895507812
0.8846153846153846,115,130,0,405,47441.630560342644,47.441630560342645,316.27753706895095,57.5,373.77753706895095,6.22962561781585,0.010395526885986328
0.8924050632911392,141,158,0,377,43688.939366884486,43.68893936688448,291.2595957792299,70.5,361.7595957792299,6.029326596320499,0.008972406387329102
0.8939393939393939,118,132,0,410,48190.15869776652,48.19015869776652,321.2677246517768,59.0,380.2677246517768,6.337795410862946,0.009036779403686523
0.7608695652173914,105,138,0,294,34560.51224213822,34.560512242138216,230.40341494758815,52.5,282.90341494758815,4.715056915793135,0.007098197937011719
0.8455882352941176,115,136,0,342,40188.939366884464,40.18893936688446,267.92626244589644,57.5,325.4262624458964,5.42377104076494,0.010101795196533203
0.46017699115044247,52,113,0,138,16061.017305526651,16.06101730552665,107.07344870351102,26.0,133.07344870351102,2.2178908117251837,0.0030879974365234375
0.79375,127,160,0,349,39604.87732352787,39.60487732352787,264.0325154901858,63.5,327.5325154901858,5.458875258169764,0.009623050689697266
0.8532110091743119,93,109,0,349,41054.62479183373,41.05462479183373,273.6974986122249,46.5,320.1974986122249,5.336624976870414,0.00740814208984375
0.8662790697674418,149,172,0,386,44423.25394193527,44.42325394193527,296.15502627956846,74.5,370.65502627956846,6.177583771326141,0.011997222900390625
0.8759124087591241,120,137,0,373,44407.315985291876,44.40731598529187,296.0487732352792,60.0,356.0487732352792,5.934146220587986,0.01108694076538086
0.8432835820895522,113,134,0,313,36501.93359837555,36.50193359837555,243.34622398917037,56.5,299.84622398917037,4.997437066486173,0.009739398956298828
0.9108910891089109,92,101,0,321,37881.832585697884,37.881832585697886,252.54555057131924,46.0,298.5455505713192,4.975759176188654,0.009131431579589844
0.845679012345679,137,162,0,388,44706.096654409914,44.70609665440991,298.04064436273273,68.5,366.54064436273273,6.1090107393788795,0.013345479965209961
0.8013698630136986,117,146,0,249,28942.135623730897,28.9421356237309,192.94757082487266,58.5,251.44757082487266,4.190792847081211,0.006129741668701172
0.8301886792452831,132,159,0,365,41826.19766708752,41.82619766708752,278.8413177805835,66.0,344.8413177805835,5.747355296343058,0.010129690170288086
0.8920863309352518,124,139,0,349,40184.7763108502,40.1847763108502,267.89850873900133,62.0,329.8985087390013,5.498308478983355,0.008203744888305664
0.5726495726495726,67,117,0,193,21892.388155425102,21.892388155425103,145.94925436950066,33.5,179.44925436950066,2.9908209061583446,0.004502534866333008
0.9084507042253521,129,142,0,386,45665.894629054535,45.665894629054534,304.43929752703025,64.5,368.93929752703025,6.148988292117171,0.008015155792236328
0.8050847457627118,95,118,0,236,27766.39969244282,27.76639969244282,185.10933128295213,47.5,232.60933128295213,3.876822188049202,0.0070133209228515625
0.8407643312101911,132,157,0,346,39511.98410471443,39.51198410471443,263.41322736476286,66.0,329.41322736476286,5.490220456079381,0.010996818542480469
