ship,date,lat,lon,depth,plastic,eps,fishing
해응환,2021-07-17,31.497,127.699,135,0.071,0.007,0.005
신응환,2021-07-18,31.182,127.385,116,0.794,0.315,0.028
신응환,2021-07-18,31.279,127.307,112,0.442,0.122,0.025
신응환,2021-08-25,31.283,127.68,137,0.085,0.349,0.015
장기환,2021-05-26,31.85,127.818,149,0.181,0.023,0.015
카고시마환,2021-09-23,31.087,127.938,151,1.032,0.0,0.035
카고시마환,2021-10-18,31.447,127.899,142,0.452,0.037,0.2
오쇼로마루,2021-11-24,42.209,141.681,690,5259.0,1026.0,155.0
오쇼로마루,2021-11-24,42.21,141.667,675,0.86,0.0,0.07
